{
    "averge_document_length": {
        "stars": 6.023880597014926,
        "genres": 2.5582089552238805,
        "summaries": 276.2407960199005
    },
    "document_count": 1005
}